<templateSet group="JavaScript">
  <template name="logs" value="console.log(`&gt;&gt;&gt;&gt;&gt;&gt;&gt; $VAR$ &lt;&lt;&lt;&lt;&lt;&lt;&lt;`);" description="Inserts a textual console.log statement" toReformat="false" toShortenFQNames="true">
    <variable name="VAR" expression="" defaultValue="" alwaysStopAt="true" />
    <context>
      <option name="JAVA_SCRIPT" value="true" />
    </context>
  </template>
  <template name="logd" value="console.log('&gt;&gt;&gt;&gt;&gt;&gt;&gt; $VAR$', $VAR$);" description="Inserts a named console.log statement" toReformat="false" toShortenFQNames="true">
    <variable name="VAR" expression="" defaultValue="" alwaysStopAt="true" />
    <context>
      <option name="JAVA_SCRIPT" value="true" />
    </context>
  </template>
  <template name="log" value="console.log('&gt;&gt;&gt;&gt;&gt;&gt;&gt;', $VAR$);" description="Inserts a console.log statement" toReformat="false" toShortenFQNames="true">
    <variable name="VAR" expression="" defaultValue="" alwaysStopAt="true" />
    <context>
      <option name="JAVA_SCRIPT" value="true" />
    </context>
  </template>
  <template name="iife" value="(function() {&#10;&#10;    'use strict';&#10;&#10;    $END$&#10;})();&#10;" description="Inserts an IIFE block" toReformat="false" toShortenFQNames="true">
    <context>
      <option name="JS_STATEMENT" value="true" />
    </context>
  </template>
</templateSet>