<templateSet group="JavaScript Custom">
  <template name="forin" value="for (var $VAR$ in $ARRAY$) {&#10;  $END$&#10;}" description="Iterate (for..in)" toReformat="true" toShortenFQNames="true">
    <variable name="ARRAY" expression="jsArrayVariable()" defaultValue="&quot;array &quot;" alwaysStopAt="true" />
    <variable name="VAR" expression="jsSuggestVariableName()" defaultValue="&quot;o&quot;" alwaysStopAt="true" />
    <context>
      <option name="JAVA_SCRIPT" value="true" />
    </context>
  </template>
  <template name="for" value="for (var $INDEX$ = 0, len = $ARRAY$.length; $INDEX$ &lt; len; $INDEX$++) {&#10;    var $VAR$ = $ARRAY$[$INDEX$];&#10;    $END$&#10;}" description="Iterate elements of array" toReformat="true" toShortenFQNames="true">
    <variable name="INDEX" expression="jsSuggestIndexName()" defaultValue="&quot;i&quot;" alwaysStopAt="true" />
    <variable name="ARRAY" expression="jsArrayVariable()" defaultValue="&quot;array&quot;" alwaysStopAt="true" />
    <variable name="VAR" expression="decapitalize(jsArrayVariable())" defaultValue="&quot;a&quot;" alwaysStopAt="true" />
    <context>
      <option name="JAVA_SCRIPT" value="true" />
    </context>
  </template>
  <template name="rfor" value="for (var $INDEX$ = $ARRAY$.length - 1; $INDEX$ &gt;= 0; $INDEX$--) {&#10;  var $VAR$ = $ARRAY$[$INDEX$];&#10;  $END$&#10;}" description="Iterate elements of array in reverse order" toReformat="true" toShortenFQNames="true">
    <variable name="INDEX" expression="jsSuggestIndexName()" defaultValue="&quot;i&quot;" alwaysStopAt="true" />
    <variable name="ARRAY" expression="jsArrayVariable()" defaultValue="&quot;array&quot;" alwaysStopAt="true" />
    <variable name="VAR" expression="decapitalize(jsArrayVariable())" defaultValue="&quot;o&quot;" alwaysStopAt="true" />
    <context>
      <option name="JAVA_SCRIPT" value="true" />
    </context>
  </template>
  <template name="m" value="$CLASS$.prototype.$FN$ = function($PARAMS$) {&#10;    $END$&#10;};" description="Declare a method" toReformat="true" toShortenFQNames="true">
    <variable name="CLASS" expression="jsQualifiedClassName()" defaultValue="&quot;Class&quot;" alwaysStopAt="true" />
    <variable name="FN" expression="jsMethodName()" defaultValue="&quot;fn&quot;" alwaysStopAt="true" />
    <variable name="PARAMS" expression="" defaultValue="&quot;param&quot;" alwaysStopAt="true" />
    <context>
      <option name="JAVA_SCRIPT" value="true" />
    </context>
  </template>
  <template name="ctor" value="var $CLASS$ = function($PARAM$) {&#10;    $END$&#10;};" description="Declare a constructor" toReformat="true" toShortenFQNames="true">
    <variable name="CLASS" expression="" defaultValue="&quot;Class&quot;" alwaysStopAt="true" />
    <variable name="PARAM" expression="" defaultValue="" alwaysStopAt="true" />
    <context>
      <option name="JAVA_SCRIPT" value="true" />
    </context>
  </template>
  <template name="if" value="if ($COND$) {&#10;    $END$&#10;}" description="If ..." toReformat="false" toShortenFQNames="true">
    <variable name="COND" expression="" defaultValue="" alwaysStopAt="true" />
    <context>
      <option name="JAVA_SCRIPT" value="true" />
    </context>
  </template>
  <template name="ifel" value="if ($COND$) {&#10;    $END$&#10;}&#10;else {&#10;    &#10;}" description="If ... Else ..." toReformat="false" toShortenFQNames="true">
    <variable name="COND" expression="" defaultValue="" alwaysStopAt="true" />
    <context>
      <option name="JAVA_SCRIPT" value="true" />
    </context>
  </template>
  <template name="ter" value="$COND$ ? $EXPR$ : $END$;" description="Ternary operator" toReformat="false" toShortenFQNames="true">
    <variable name="COND" expression="" defaultValue="" alwaysStopAt="true" />
    <variable name="EXPR" expression="" defaultValue="" alwaysStopAt="true" />
    <context>
      <option name="JAVA_SCRIPT" value="true" />
    </context>
  </template>
  <template name="scl" value="(function() {&#10;    $SELECTION$&#10;})();" description="Closure" toReformat="true" toShortenFQNames="true">
    <variable name="SELECTION" expression="" defaultValue="" alwaysStopAt="false" />
    <context>
      <option name="JAVA_SCRIPT" value="true" />
    </context>
  </template>
  <template name="cl" value="(function() {&#10;    $END$&#10;})();" description="Closure" toReformat="true" toShortenFQNames="true">
    <context>
      <option name="JAVA_SCRIPT" value="true" />
    </context>
  </template>
  <template name="sp" value="$PROP$: $VAL$, $END$" description="Declare a property" toReformat="true" toShortenFQNames="true">
    <variable name="PROP" expression="" defaultValue="" alwaysStopAt="true" />
    <variable name="VAL" expression="" defaultValue="" alwaysStopAt="true" />
    <context>
      <option name="JAVA_SCRIPT" value="true" />
    </context>
  </template>
  <template name="f" value="function $FN$($PARAMS$) {&#10;    $END$&#10;};" description="Declare a function" toReformat="true" toShortenFQNames="true">
    <variable name="FN" expression="jsMethodName()" defaultValue="&quot;fn&quot;" alwaysStopAt="true" />
    <variable name="PARAMS" expression="" defaultValue="&quot;param&quot;" alwaysStopAt="true" />
    <context>
      <option name="JAVA_SCRIPT" value="true" />
    </context>
  </template>
  <template name="t" value="this.$PROP$;&#10;$END$" description="this" toReformat="true" toShortenFQNames="true">
    <variable name="PROP" expression="completeSmart()" defaultValue="" alwaysStopAt="true" />
    <context>
      <option name="JAVA_SCRIPT" value="true" />
    </context>
  </template>
  <template name="so" value="{ sp$END$ };" description="Declare a literal object" toReformat="true" toShortenFQNames="true">
    <context>
      <option name="JAVA_SCRIPT" value="true" />
    </context>
  </template>
  <template name="o" value="{&#10;    p$END$&#10;};" description="Declare a literal object" toReformat="true" toShortenFQNames="true">
    <context>
      <option name="JAVA_SCRIPT" value="true" />
    </context>
  </template>
  <template name="p" value="$PROP$: $VAL$,&#10;$END$" description="Declare a property" toReformat="true" toShortenFQNames="true">
    <variable name="PROP" expression="" defaultValue="" alwaysStopAt="true" />
    <variable name="VAL" expression="" defaultValue="" alwaysStopAt="true" />
    <context>
      <option name="JAVA_SCRIPT" value="true" />
    </context>
  </template>
  <template name="us" value="&quot;use strict&quot;;&#10;$END$" description="Inserts 'use strict' statement" toReformat="true" toShortenFQNames="true">
    <context />
  </template>
  <template name="clog" value="console.log($END$);" description="console.log" toReformat="true" toShortenFQNames="true">
    <context>
      <option name="JAVA_SCRIPT" value="true" />
    </context>
  </template>
  <template name="it" value="it('should $WHAT$', function(done) {&#10;&#9;$END$&#10;});" description="It should..." toReformat="false" toShortenFQNames="true">
    <variable name="WHAT" expression="" defaultValue="" alwaysStopAt="true" />
    <context>
      <option name="JAVA_SCRIPT" value="true" />
    </context>
  </template>
  <template name="on" value="on('$EVT$', function(e) {&#10;&#9;$END$;&#10;});" description="On event" toReformat="false" toShortenFQNames="true">
    <variable name="EVT" expression="" defaultValue="" alwaysStopAt="true" />
    <context>
      <option name="JAVA_SCRIPT" value="true" />
    </context>
  </template>
  <template name="pf" value="$FN$: function($PARAMS$) {&#10;    $END$&#10;}" description="Declare a property function" toReformat="true" toShortenFQNames="true">
    <variable name="FN" expression="" defaultValue="" alwaysStopAt="true" />
    <variable name="PARAMS" expression="" defaultValue="&quot;param&quot;" alwaysStopAt="true" />
    <context>
      <option name="JAVA_SCRIPT" value="true" />
    </context>
  </template>
  <template name="desc" value="describe('$WHAT$', function() {&#10;&#9;$END$&#10;});" description="Describe..." toReformat="false" toShortenFQNames="true">
    <variable name="WHAT" expression="" defaultValue="" alwaysStopAt="true" />
    <context>
      <option name="JAVA_SCRIPT" value="true" />
    </context>
  </template>
</templateSet>