<templateSet group="NodeJS">
  <template name="inspect" value="console.log(require('util').inspect($END$, { depth: null }));" description="Inserts an util.inspect statement" toReformat="false" toShortenFQNames="true">
    <context>
      <option name="JAVA_SCRIPT" value="true" />
    </context>
  </template>
  <template name="req" value="const $MODULENAME$ = require('$MODULENAME$');$END$" description="Inserts a require statement" toReformat="false" toShortenFQNames="true">
    <variable name="MODULENAME" expression="" defaultValue="" alwaysStopAt="true" />
    <context>
      <option name="JAVA_SCRIPT" value="true" />
    </context>
  </template>
  <template name="exit" value="process.exit();$END$" description="Inserts a process.exit() statement" toReformat="false" toShortenFQNames="true">
    <context>
      <option name="JAVA_SCRIPT" value="true" />
      <option name="JSX_HTML" value="false" />
    </context>
  </template>
</templateSet>